-- MySQL dump 10.13  Distrib 5.7.24, for Linux (x86_64)
--
-- Host: 127.0.0.1    Database: fonsms
-- ------------------------------------------------------
-- Server version	5.7.24-0ubuntu0.16.04.1

/*!40101 SET @OLD_CHARACTER_SET_CLIENT=@@CHARACTER_SET_CLIENT */;
/*!40101 SET @OLD_CHARACTER_SET_RESULTS=@@CHARACTER_SET_RESULTS */;
/*!40101 SET @OLD_COLLATION_CONNECTION=@@COLLATION_CONNECTION */;
/*!40101 SET NAMES utf8 */;
/*!40103 SET @OLD_TIME_ZONE=@@TIME_ZONE */;
/*!40103 SET TIME_ZONE='+00:00' */;
/*!40014 SET @OLD_UNIQUE_CHECKS=@@UNIQUE_CHECKS, UNIQUE_CHECKS=0 */;
/*!40014 SET @OLD_FOREIGN_KEY_CHECKS=@@FOREIGN_KEY_CHECKS, FOREIGN_KEY_CHECKS=0 */;
/*!40101 SET @OLD_SQL_MODE=@@SQL_MODE, SQL_MODE='NO_AUTO_VALUE_ON_ZERO' */;
/*!40111 SET @OLD_SQL_NOTES=@@SQL_NOTES, SQL_NOTES=0 */;

--
-- Table structure for table `category`
--
-- Dumping database structure for petty_cash
DROP DATABASE IF EXISTS `fonsms`;
CREATE DATABASE IF NOT EXISTS `fonsms` /*!40100 DEFAULT CHARACTER SET latin1 */;
USE `fonsms`;

DROP TABLE IF EXISTS `category`;
/*!40101 SET @saved_cs_client     = @@character_set_client */;
/*!40101 SET character_set_client = utf8 */;
CREATE TABLE `category` (
  `id` int(11) NOT NULL AUTO_INCREMENT,
  `category_name` varchar(45) DEFAULT NULL,
  PRIMARY KEY (`id`)
) ENGINE=InnoDB AUTO_INCREMENT=7 DEFAULT CHARSET=utf8;
/*!40101 SET character_set_client = @saved_cs_client */;

--
-- Dumping data for table `category`
--

LOCK TABLES `category` WRITE;
/*!40000 ALTER TABLE `category` DISABLE KEYS */;
INSERT INTO `category` VALUES (1,'Campaign'),(2,'Promotion'),(3,'Feedback'),(4,'Gaming'),(5,'Survey'),(6,'Query');
/*!40000 ALTER TABLE `category` ENABLE KEYS */;
UNLOCK TABLES;

--
-- Table structure for table `client_category`
--

DROP TABLE IF EXISTS `client_category`;
/*!40101 SET @saved_cs_client     = @@character_set_client */;
/*!40101 SET character_set_client = utf8 */;
CREATE TABLE `client_category` (
  `id` int(11) NOT NULL AUTO_INCREMENT,
  `category_name` varchar(45) DEFAULT NULL,
  PRIMARY KEY (`id`)
) ENGINE=InnoDB AUTO_INCREMENT=6 DEFAULT CHARSET=utf8;
/*!40101 SET character_set_client = @saved_cs_client */;

--
-- Dumping data for table `client_category`
--

LOCK TABLES `client_category` WRITE;
/*!40000 ALTER TABLE `client_category` DISABLE KEYS */;
INSERT INTO `client_category` VALUES (1,'Service Provider'),(2,'Marketting Agency'),(3,'Media'),(4,'Gaming & Lottery'),(5,'Individual');
/*!40000 ALTER TABLE `client_category` ENABLE KEYS */;
UNLOCK TABLES;

--
-- Table structure for table `client_products`
--

DROP TABLE IF EXISTS `client_products`;
/*!40101 SET @saved_cs_client     = @@character_set_client */;
/*!40101 SET character_set_client = utf8 */;
CREATE TABLE `client_products` (
  `id` int(11) NOT NULL AUTO_INCREMENT,
  `client_id` int(11) NOT NULL,
  `product_id` int(11) NOT NULL,
  `subscription_date` datetime NOT NULL,
  PRIMARY KEY (`id`)
) ENGINE=InnoDB DEFAULT CHARSET=utf8;
/*!40101 SET character_set_client = @saved_cs_client */;

--
-- Dumping data for table `client_products`
--

LOCK TABLES `client_products` WRITE;
/*!40000 ALTER TABLE `client_products` DISABLE KEYS */;
/*!40000 ALTER TABLE `client_products` ENABLE KEYS */;
UNLOCK TABLES;

--
-- Table structure for table `company`
--

DROP TABLE IF EXISTS `company`;
/*!40101 SET @saved_cs_client     = @@character_set_client */;
/*!40101 SET character_set_client = utf8 */;
CREATE TABLE `company` (
  `id` int(11) NOT NULL AUTO_INCREMENT,
  `company_name` varchar(100) NOT NULL,
  `company_desc` tinytext,
  `date_created` datetime DEFAULT NULL,
  `category_id` int(5) DEFAULT NULL,
  `status` int(1) DEFAULT '0',
  `physical_address` varchar(200) DEFAULT NULL,
  `email` varchar(100) DEFAULT NULL,
  `mobile_no` varchar(15) DEFAULT NULL,
  `tel_no` varchar(45) DEFAULT NULL,
  PRIMARY KEY (`id`)
) ENGINE=InnoDB AUTO_INCREMENT=6 DEFAULT CHARSET=utf8;
/*!40101 SET character_set_client = @saved_cs_client */;

--
-- Dumping data for table `company`
--

LOCK TABLES `company` WRITE;
/*!40000 ALTER TABLE `company` DISABLE KEYS */;
INSERT INTO `company` VALUES (2,'Frontier Opticals Networks Ltd','Internet service provider','2018-12-18 13:46:12',3,1,'Royal Offices, Mogotio Road','info@fon.co.ke','254709114000','254709114000'),(3,'Test Company','Test company','2018-12-18 13:46:12',1,1,'Moi Avenue, Nairobi-CBD','info@test.co.ke','254721789456','254721789456'),(5,'EBRU TV','A media and broadcasting company','2018-12-19 12:03:09',3,1,'James Gichuru, Lavington','info@ebruafrica.tv','254710733024','254710733024');
/*!40000 ALTER TABLE `company` ENABLE KEYS */;
UNLOCK TABLES;

--
-- Table structure for table `company_contacts`
--

DROP TABLE IF EXISTS `company_contacts`;
/*!40101 SET @saved_cs_client     = @@character_set_client */;
/*!40101 SET character_set_client = utf8 */;
CREATE TABLE `company_contacts` (
  `id` int(11) NOT NULL AUTO_INCREMENT,
  `fname` varchar(45) DEFAULT NULL,
  `lname` varchar(45) DEFAULT NULL,
  `email` varchar(100) DEFAULT NULL,
  `mobile_no` varchar(15) DEFAULT NULL,
  `company_id` int(11) NOT NULL,
  PRIMARY KEY (`id`)
) ENGINE=InnoDB DEFAULT CHARSET=utf8;
/*!40101 SET character_set_client = @saved_cs_client */;

--
-- Dumping data for table `company_contacts`
--

LOCK TABLES `company_contacts` WRITE;
/*!40000 ALTER TABLE `company_contacts` DISABLE KEYS */;
/*!40000 ALTER TABLE `company_contacts` ENABLE KEYS */;
UNLOCK TABLES;

--
-- Table structure for table `company_short_codes`
--

DROP TABLE IF EXISTS `company_short_codes`;
/*!40101 SET @saved_cs_client     = @@character_set_client */;
/*!40101 SET character_set_client = utf8 */;
CREATE TABLE `company_short_codes` (
  `id` int(11) NOT NULL AUTO_INCREMENT,
  `short_code_id` int(11) DEFAULT NULL,
  `company_id` int(11) DEFAULT NULL,
  `response_message` tinytext COMMENT 'This message will be sent to the client upon receipt of this request',
  `status` tinyint(1) DEFAULT NULL,
  `keyword` varchar(45) DEFAULT NULL,
  `endpoint` varchar(100) DEFAULT NULL,
  `correlator` varchar(10) DEFAULT NULL,
  `user_id` varchar(45) DEFAULT NULL,
  `date_created` date DEFAULT NULL,
  PRIMARY KEY (`id`)
) ENGINE=InnoDB AUTO_INCREMENT=10 DEFAULT CHARSET=utf8;
/*!40101 SET character_set_client = @saved_cs_client */;

--
-- Dumping data for table `company_short_codes`
--

LOCK TABLES `company_short_codes` WRITE;
/*!40000 ALTER TABLE `company_short_codes` DISABLE KEYS */;
INSERT INTO `company_short_codes` VALUES (6,1,2,'Welcome to Frontier Optical Networks. We provide the following fiber home internet  packages. 10 MB Home - Kshs 3000, 20 MB Home Kshs - 4000. Free installation and router.',NULL,'INTERNET','http://192.168.20.230/gateway/notify/fon/short_code/6027','FONP1IHWQf','3','2018-12-31'),(7,3,5,'Welcome to perfect match. Our representative will call you shortly.',1,'MATCH','http://192.168.20.230/gateway/notify/ebru/bulksms/47075','FONWF8Cv7h','3','2018-12-31'),(8,NULL,NULL,NULL,NULL,NULL,NULL,NULL,NULL,'2018-12-31'),(9,2,2,'Thanks for your feedback.',1,'N/A','http://192.168.20.230/fonsms/notify/sendsms','FONjGSLTTh','1','2018-12-31');
/*!40000 ALTER TABLE `company_short_codes` ENABLE KEYS */;
UNLOCK TABLES;

--
-- Table structure for table `contacts`
--

DROP TABLE IF EXISTS `contacts`;
/*!40101 SET @saved_cs_client     = @@character_set_client */;
/*!40101 SET character_set_client = utf8 */;
CREATE TABLE `contacts` (
  `id` int(11) NOT NULL AUTO_INCREMENT,
  `contact_name` varchar(80) DEFAULT NULL,
  `mobile_no` varchar(15) NOT NULL,
  `company_id` int(11) DEFAULT NULL,
  `date_created` date DEFAULT NULL,
  `user_id` int(11) DEFAULT NULL,
  `account_no` varchar(45) DEFAULT NULL,
  PRIMARY KEY (`id`)
) ENGINE=InnoDB AUTO_INCREMENT=441 DEFAULT CHARSET=utf8;
/*!40101 SET character_set_client = @saved_cs_client */;

--
-- Dumping data for table `contacts`
--

LOCK TABLES `contacts` WRITE;
/*!40000 ALTER TABLE `contacts` DISABLE KEYS */;
INSERT INTO `contacts` VALUES (1,'748 Air Services Ltd','254732594020',2,'2019-01-15',1,'01C00000163041'),(2,'Cosmas M Mutwiwa(Bella Vista)','254721421079',2,'2019-01-15',1,'01C00001428031'),(3,'Bank of Africa','254703058120',2,'2019-01-15',1,'01C00001250321'),(4,'Craft Silicon Limited','254709044000',2,'2019-01-15',1,'01C00001667041'),(5,'Smartlink Kenya','254734760044',2,'2019-01-15',1,'01C00001752411'),(6,'White Lotus Projects Ltd','254709857000',2,'2019-01-15',1,'01C00001416041'),(7,'Blay Energy','254724818188',2,'2019-01-15',1,'01C00000172231'),(8,'Sarabi Mart','254787593296',2,'2019-01-15',1,'01C00000179031'),(9,'Amal Express Money Transfer Ltd','254722563765',2,'2019-01-15',1,'01C00000186041'),(10,'Qinetic Cyber Cafe','254723736804',2,'2019-01-15',1,'01C00000187031'),(11,'Northline Ltd','254204453618',2,'2019-01-15',1,'01C00000189031'),(12,'Commercial Forex Bureau','254202210307',2,'2019-01-15',1,'01C00000192231'),(13,'Noma Caffe','254722559559',2,'2019-01-15',1,'01C00000199231'),(14,'Interlink Petroleum','254208077196',2,'2019-01-15',1,'01C00000206031'),(15,'Transnep Insurance Agency','254725150335',2,'2019-01-15',1,'01C00000213031'),(16,'Joy Mbuthia','254722754714',2,'2019-01-15',1,'01C00000228031'),(17,'Irene Maeri','254721532704',2,'2019-01-15',1,'01C00000230031'),(18,'Dennis W. Gathitu','254724629945',2,'2019-01-15',1,'01C00000233031'),(19,'Benson Owino Omondi','254722817199',2,'2019-01-15',1,'01C00000265031'),(20,'Ubah Mohamed Ali','254722229593',2,'2019-01-15',1,'01C00000271031'),(21,'Vincent Mbuthu','254725983194',2,'2019-01-15',1,'01C00000277031'),(22,'Patrick Wakhu','254722730618',2,'2019-01-15',1,'01C00000278031'),(23,'Benson Kitabu','254722331704',2,'2019-01-15',1,'01C00000279031'),(24,'Amani Iseme','254722372720',2,'2019-01-15',1,'01C00000281031'),(25,'Moses Werre','254722516465',2,'2019-01-15',1,'01C00000284031'),(26,'David Muneria Malinga','254723717082',2,'2019-01-15',1,'01C00000291031'),(27,'Sarah Kamau','254722411105',2,'2019-01-15',1,'01C00000298031'),(28,'Godfrey Makhokha','254721329334',2,'2019-01-15',1,'01C00000301031'),(29,'Moses Tanui Kipkemoi','254715819198',2,'2019-01-15',1,'01C00000302031'),(30,'Dominic Karanja','254722945279',2,'2019-01-15',1,'01C00000306031'),(31,'Stephen Muiga Kaweru','254722477173',2,'2019-01-15',1,'Stephen Muiga Kaweru'),(32,'Peter Onyango Onyonyo','254717964511',2,'2019-01-15',1,'01C00000320031'),(33,'Patrick Kioko','254720646807',2,'2019-01-15',1,'01C00000331031'),(34,'Zipora Ngete','254720859239',2,'2019-01-15',1,'01C00000334031'),(35,'Mary Ndunge Muasya','254720743640',2,'2019-01-15',1,'01C00000338031'),(36,'Evelyne K. Momanyi','254724636746',2,'2019-01-15',1,'01C00000339031'),(37,'Robert Okoth','254722407537',2,'2019-01-15',1,'01C00000347031'),(38,'Wilfrida Okock','254728601276',2,'2019-01-15',1,'01C00000352031'),(39,'Daniel Chege','254724916440',2,'2019-01-15',1,'01C00000355031'),(40,'Patrick Kigen','254728604215',2,'2019-01-15',1,'01C00000356031'),(41,'John Osogo','254722685849',2,'2019-01-15',1,'01C00000357031'),(42,'Caleb Atemi','254722702463',2,'2019-01-15',1,'02C00000363031'),(43,'Mary Kiptoo','254722268617',2,'2019-01-15',1,'02C00000369031'),(44,'Sanya Lukhoba','254733777476',2,'2019-01-15',1,'02C00000370031'),(45,'Joshua Ochieng Adiedo','254722352196',2,'2019-01-15',1,'02C00000380031'),(46,'Martin Maluti','254725299591',2,'2019-01-15',1,'02C00000382031'),(47,'Justus Kivindye','254728153940',2,'2019-01-15',1,'02C00000388031'),(48,'Mary Wangari','254722767060',2,'2019-01-15',1,'02C00000390031'),(49,'Timothy Odero','254722809461',2,'2019-01-15',1,'02C00000391031'),(50,'Hellen Aida Akinyi','254725666331',2,'2019-01-15',1,'02C00000401031'),(51,'Angela Tilitei','254722714278',2,'2019-01-15',1,'02C00000405031'),(52,'Njoki Mungai','254722300913',2,'2019-01-15',1,'02C00000408031'),(53,'Jameel Agil','254726659959',2,'2019-01-15',1,'02C00000410031'),(54,'Washington Oloo','254722566225',2,'2019-01-15',1,'02C00000418031'),(55,'Faith Wanjiku Macharia','254712163666',2,'2019-01-15',1,'02C00000419031'),(56,'Flora Nduku Mutua','254729267999',2,'2019-01-15',1,'02C00000425031'),(57,'Nakaziba Jacqueline','254719326488',2,'2019-01-15',1,'02C00000432031'),(58,'Alexander James Kamari','254720344992',2,'2019-01-15',1,'02C00000436031'),(59,'Seth Shirekuli ','254722170053',2,'2019-01-15',1,'02C00000437031'),(60,'Masaka Investment (Tudor)','254721120140',2,'2019-01-15',1,'01C00001544032'),(61,'Hasmad Cargo Limited','2540412228157',2,'2019-01-15',1,'01C00001601031'),(62,'Regal Freighters Limited','254720726107',2,'2019-01-15',1,'01C00001602031'),(63,'David Mutinda','254720285698',2,'2019-01-15',1,'02C00001603031'),(64,'Faith Mbithi','254722833657',2,'2019-01-15',1,'02C00001604031'),(65,'Esther Syombua Ndaka','254737771886',2,'2019-01-15',1,'01C00001607381'),(66,'Nadifo Jamal Osman','254729372115',2,'2019-01-15',1,'01C00001608381'),(67,'Lilian Mulaa','254737664680',2,'2019-01-15',1,'01C00001610371'),(68,'Olivia Ogutu','254722283235',2,'2019-01-15',1,'02C00001611031'),(69,'Yusuf Athman Chitsangi','254721757766',2,'2019-01-15',1,'02C00001612451'),(70,'Mohamed Said Mohamed Omar','254790016161',2,'2019-01-15',1,'02C00001613421'),(71,'Bank of Africa','2540203275000',2,'2019-01-15',1,'01C00001378051'),(72,'P.N. Mango Associates','254722400272',2,'2019-01-15',1,'01C00001616411'),(73,'Lynn Lydia Wamuyu Kahunyo (Nssf)','254729572597',2,'2019-01-15',1,'02C00001532451'),(74,'Afrostar','254722955116',2,'2019-01-15',1,'01C00001618031'),(75,'Olivent Akinyi Akumu','254721852702',2,'2019-01-15',1,'02C00001624381'),(76,'Olive Wachira','254715381364',2,'2019-01-15',1,'01C00001626031'),(77,'Ken Odumbe','254790878270',2,'2019-01-15',1,'01C00001627381'),(78,'David Onyango','254722166576',2,'2019-01-15',1,'01C00001631381'),(79,'Peter Mwendia Nyingi','254721114589',2,'2019-01-15',1,'02C00001633381'),(80,'Winnie Molly','254715498306',2,'2019-01-15',1,'02C00001634381'),(81,'Wendy Anyango Obondi','254721922559',2,'2019-01-15',1,'02C00001635381'),(82,'Steve Otieno Olick','254727175939',2,'2019-01-15',1,'02C00001638381'),(83,'Geofrey Nyamaiyeria','254722162430',2,'2019-01-15',1,'02C00001639381'),(84,'Grace Maina','254723688888',2,'2019-01-15',1,'02C00001640381'),(85,'Florence Nzioki','254722789518',2,'2019-01-15',1,'02C00001641381'),(86,'Eliud Mwatha','254721876182',2,'2019-01-15',1,'02C00001642381'),(87,'Double Lee Electronics','254707120628',2,'2019-01-15',1,'01C00001645031'),(88,'Nairobi Water and Sewerage Company Ltd','2540200550480',2,'2019-01-15',1,'01C00001648021'),(89,'Nashluul Limited','254722337740',2,'2019-01-15',1,'01C00001652411'),(90,'Finnish Consulting Group Kenya Limited','25402026619001',2,'2019-01-15',1,'01C00001653411'),(91,'Erin Technologies Limited','254728891470',2,'2019-01-15',1,'01C00001655441'),(92,'Netcom Data Solutions Limited','254790180000',2,'2019-01-15',1,'01C00001657411'),(93,'Kiige and Associates','2547292635456',2,'2019-01-15',1,'01C00001658421'),(94,'Kibet Bunei','254732555052',2,'2019-01-15',1,'01C00001659381'),(95,'Compedge Solutions Limited','2540204441970',2,'2019-01-15',1,'01C00001661411'),(96,'Kiptoo Sammin','254708808882',2,'2019-01-15',1,'01C00001662381'),(97,'Vision For Africa Development','254723703454',2,'2019-01-15',1,'01C00001666431'),(98,'Stephen Ngatia','254721831668',2,'2019-01-15',1,'02C00001670381'),(99,'Unimar Logistics','254723717682',2,'2019-01-15',1,'01C00001680431'),(100,'Jane Wangari Gichuki','254722710284',2,'2019-01-15',1,'02C00001681381'),(101,'Kenya Commercial Bank Group','2540203272301',2,'2019-01-15',1,'01C00000130043'),(102,'Dennis Mugoya','254722152199',2,'2019-01-15',1,'02C00001683381'),(103,'Marco and Joy Fries ','254740823672',2,'2019-01-15',1,'02C00001684381'),(104,'Jacfar(Baraka Bazaar)','254722825711',2,'2019-01-15',1,'01C00001685451'),(105,'Brian Kamau Njenga','254723331090',2,'2019-01-15',1,'02C00001686381'),(106,'Fizz Nails','254716690474',2,'2019-01-15',1,'01C00001690031'),(107,'Inshar','254722443736',2,'2019-01-15',1,'01C00001693031'),(108,'Benson Njuguna Mungi','254710720743',2,'2019-01-15',1,'02C00001714381'),(109,'Mary Kanuna Sindiga','254723154299',2,'2019-01-15',1,'02C00000438031'),(110,'Vincent Opondo Oduor','254733257700',2,'2019-01-15',1,'02C00000441031'),(111,'Hassan Issa','254721945099',2,'2019-01-15',1,'02C00000462031'),(112,'Ann Wambui','254721668273',2,'2019-01-15',1,'02C00000465031'),(113,'Isaac Muinde Munyae','254721599408',2,'2019-01-15',1,'02C00000468031'),(114,'Benjamin Charagu','254721327511',2,'2019-01-15',1,'02C00000473031'),(115,'Edith Ratemo','254729429182',2,'2019-01-15',1,'02C00000474031'),(116,'Aggrey Kangahi','254722489956',2,'2019-01-15',1,'01C00000475031'),(117,'Matilda Kerich Mwangi','254718964267',2,'2019-01-15',1,'02C00000477031'),(118,'Benjamin Ogola','254724739115',2,'2019-01-15',1,'02C00000508031'),(119,'Wilfred Rono','254737811169',2,'2019-01-15',1,'02C00000510031'),(120,'Nickson Shigoli','254722881565',2,'2019-01-15',1,'02C00000515031'),(121,'James Kariuki','254721330788',2,'2019-01-15',1,'02C00000518031'),(122,'Afrika Green Energy Solutions','254722514878',2,'2019-01-15',1,'01C00000522031'),(123,'Jasper Kariuki Baranya','254722244170',2,'2019-01-15',1,'02C00000530031'),(124,'Charles Nzuve Mbinda','254729247237',2,'2019-01-15',1,'02C00000535031'),(125,'Michael Onyono','254724994343',2,'2019-01-15',1,'02C00000537031'),(126,'Charles B. Odhiambo','254720851140',2,'2019-01-15',1,'02C00000543031'),(127,'Eric Mwangi Nderitu','254720734330',2,'2019-01-15',1,'02C00000551031'),(128,'Julius Koech','254712819259',2,'2019-01-15',1,'02C00000552031'),(129,'Francis Opiyo','254727353670',2,'2019-01-15',1,'02C00000554031'),(130,'Collins Osewe','254713802300',2,'2019-01-15',1,'02C00000563031'),(131,'Susan Warui','254715868158',2,'2019-01-15',1,'02C00000565031'),(132,'Retirement Benefits Authority(Gordon Bulinda Ochieng)-Serial No.7324','254202809000',2,'2019-01-15',1,'03C00000574031'),(133,'International Rescue Committee','2540202727730',2,'2019-01-15',1,'01C00000575271'),(134,'Eric Kanui','254734130000',2,'2019-01-15',1,'02C00000578031'),(135,'Josiah Ongaro','254722446316',2,'2019-01-15',1,'02C00000584031'),(136,'Togara Manunure','254722725180',2,'2019-01-15',1,'02C00000585031'),(137,'Joseph Amani Eyenga','254701561400',2,'2019-01-15',1,'02C00000591031'),(138,'Kelvin Bwamu','254721321721',2,'2019-01-15',1,'02C00000598031'),(139,'Valentine Inziani','254733840493',2,'2019-01-15',1,'02C00000610031'),(140,'Dallasky','254726084718',2,'2019-01-15',1,'01C00000611031'),(141,'Sunny Forex Bureaux','2540202252079',2,'2019-01-15',1,'01C00000108232'),(142,'Nairobi Beauty World Ltd','254722974243',2,'2019-01-15',1,'01C00000625031'),(143,'Daniel Kabengi Mungaro','254722246580',2,'2019-01-15',1,'02C00000628031'),(144,'John Jumbi','254721823920',2,'2019-01-15',1,'02C00000630031'),(145,'Dr. Kenneth Wameyo W.','254722742541',2,'2019-01-15',1,'02C00000635031'),(146,'Catherine Murugi Kibe','254722270082',2,'2019-01-15',1,'02C00000644031'),(147,'Eric Mutembei Otieno','254771697504',2,'2019-01-15',1,'02C00000643031'),(148,'Margaret Otieno','254722891881',2,'2019-01-15',1,'02C00000651031'),(149,'Peter Omamo','254722792957',2,'2019-01-15',1,'02C00000653031'),(150,'Stenah Njeri Muthoga','254737473090',2,'2019-01-15',1,'02C00000661031'),(151,'Emily Mukami','254723765332',2,'2019-01-15',1,'02C00000666031'),(152,'Michael Nyaga','254726497910',2,'2019-01-15',1,'02C00000667031'),(153,'Dalleys Kanoti Onsongo','254771670803',2,'2019-01-15',1,'02C00000669031'),(154,'Margaret Ndunge Kinyumu','254713464477',2,'2019-01-15',1,'02C00000680031'),(155,'Alexander Njukia Ndungu','254722477817',2,'2019-01-15',1,'02C00000681031'),(156,'Sarah Njeri Maina','254700087477',2,'2019-01-15',1,'02C00000684031'),(157,'Charles Mackens','254720665746',2,'2019-01-15',1,'02C00000687031'),(158,'Mary Oguna','254715694133',2,'2019-01-15',1,'02C00000696031'),(159,'Gladys Gichana','254722343175',2,'2019-01-15',1,'02C00000699031'),(160,'Reuben Kipchirchir Cheres','254721791819',2,'2019-01-15',1,'02C00000700031'),(161,'Emacs Cad Solutions Ltd','254720897157',2,'2019-01-15',1,'01C00000708031'),(162,'Nathir Tours and Travel Agencies','254726175021',2,'2019-01-15',1,'01C00000709031'),(163,'Catherine Maina','254725519923',2,'2019-01-15',1,'02C00000710031'),(164,'Susan Lagat','254721386988',2,'2019-01-15',1,'02C00000715031'),(165,'African Express Airways','2540202014746',2,'2019-01-15',1,'01C00000722041'),(166,'Tracy Amuhoyi','254721541412',2,'2019-01-15',1,'02C00000724031'),(167,'Bernice Wairima Karimi','254727505585',2,'2019-01-15',1,'02C00000729031'),(168,'Kenneth Kamau','254724652000',2,'2019-01-15',1,'02C00000732031'),(169,'Paul Ngugi','254729110910',2,'2019-01-15',1,'02C00000734031'),(170,'Purity Muli','254733311270',2,'2019-01-15',1,'02C00000737031'),(171,'Donald Alex Wasike','254722308246',2,'2019-01-15',1,'02C00000740031'),(172,'Abdulqadir A. Nasser','254722235797',2,'2019-01-15',1,'02C00000743031'),(173,'Catherine Kyangu','254721490437',2,'2019-01-15',1,'02C00000745031'),(174,'Stephen Shisia','254734852925',2,'2019-01-15',1,'02C00000748031'),(175,'Jared Moguche','254713234433',2,'2019-01-15',1,'02C00000763031'),(176,'Valuezone Management','254717248087',2,'2019-01-15',1,'02C00000768031'),(177,'Elizabeth Nancha','254723527539',2,'2019-01-15',1,'02C00000773031'),(178,'Leonard Abuya','254722552610',2,'2019-01-15',1,'02C00000775031'),(179,'Moindi Consulting Company','254721348220',2,'2019-01-15',1,'01C00000776031'),(180,'Jackson M. Mwangi','254729521672',2,'2019-01-15',1,'02C00000778031'),(181,'Mercy Waithera','254722980583',2,'2019-01-15',1,'02C00001440031'),(182,'Grace E. Odwako','254712192977',2,'2019-01-15',1,'02C00001441031'),(183,'Christopher Agutu','254722829928',2,'2019-01-15',1,'02C00001442031'),(184,'Paul Kimani','254734056797',2,'2019-01-15',1,'02C00001448031'),(185,'Collins Omondi Ochung','254722251328',2,'2019-01-15',1,'02C00001451031'),(186,'Anne Muema','254722270328',2,'2019-01-15',1,'02C00001457031'),(187,'Doreen Bosibori','254723691327',2,'2019-01-15',1,'02C00001458031'),(188,'Elizabeth Makau','254722757483',2,'2019-01-15',1,'01C00001463031'),(189,'Knot Company Limited(Beauty Studio)','254722798628',2,'2019-01-15',1,'01C00001464031'),(190,'Steve Kombo','254722665806',2,'2019-01-15',1,'02C00001465031'),(191,'Eva Waceke','254798404653',2,'2019-01-15',1,'02C00001469031'),(192,'Manu M. Sasidharan','254702777377',2,'2019-01-15',1,'02C00001471031'),(193,'Bosire and Partners Advocate','254723417685',2,'2019-01-15',1,'01C00001472031'),(194,'Agnes Wanjira Waweru','254722864840',2,'2019-01-15',1,'02C00001474031'),(195,'Charles Mukuha','254720793354',2,'2019-01-15',1,'02C00001475031'),(196,'Barbara Akinyi','254787372997',2,'2019-01-15',1,'02C00001476031'),(197,'Audrey Okolo','254721464606',2,'2019-01-15',1,'02C00001477031'),(198,'Carol Tanui','254724874090',2,'2019-01-15',1,'02C00001488031'),(199,'Click N Wear','254722469977',2,'2019-01-15',1,'01C00001489031'),(200,'Kiarie Kariuki and Githii Advocates','254720722087',2,'2019-01-15',1,'01C00001490031'),(201,'Chase Bank Ltd','254202774000',2,'2019-01-15',1,'01C00001065041'),(202,'Online Apparel','254724573610',2,'2019-01-15',1,'01C00001496031'),(203,'Kenkal Ships and General Contractors Limited','254716088905',2,'2019-01-15',1,'01C00001513031'),(204,'Arnop Logistics Company Limited','254734508604',2,'2019-01-15',1,'01C00001533031'),(205,'Smart Choice Services Limited','254722329328',2,'2019-01-15',1,'01C00001534031'),(206,'Eunice  Obure','254722618168',2,'2019-01-15',1,'02C00001540031'),(207,'Amoit Orimba C/o Merican Limited','254728129281',2,'2019-01-15',1,'01C00001546031'),(208,'Daniel Maganjo Mwanyasa','254737105150',2,'2019-01-15',1,'02C00001547031'),(209,'Viola Adede','254722413731',2,'2019-01-15',1,'02C00001548031'),(210,'Rose Akoth Otieno','254721605105',2,'2019-01-15',1,'01C00001555031'),(211,'Jesse Intare Mutakiwa','254733963963',2,'2019-01-15',1,'02C00001557041'),(212,'Ann Mburu','254702154180',2,'2019-01-15',1,'02C00001559031'),(213,'Ebru Africa Tv','254710733024',2,'2019-01-15',1,'01C00001561041'),(214,'Litudian Enterprises','254706620660',2,'2019-01-15',1,'01C00001567031'),(215,'Linda Wambui','254780555830',2,'2019-01-15',1,'02C00001571031'),(216,'Al Habib Electronics','254721966663',2,'2019-01-15',1,'01C00001572031'),(217,'Esabela Atieno Muya','254723864582',2,'2019-01-15',1,'02C00001573031'),(218,'Evylyn Osur','254706335173',2,'2019-01-15',1,'02C00001574031'),(219,'Sharon Munanie','254715997585',2,'2019-01-15',1,'02C00001578031'),(220,'Joel Mwova','254720142707',2,'2019-01-15',1,'02C00001579031'),(221,'Mary Marigah','254728861495',2,'2019-01-15',1,'02C00001582031'),(222,'Tiba Freight Forwarders Ltd.','254722820946',2,'2019-01-15',1,'01C00001583031'),(223,'Charles Mutinda','254722981613',2,'2019-01-15',1,'02C00001585031'),(224,'Evelyn Inziani','254721427867',2,'2019-01-15',1,'01C00001586031'),(225,'Emma Wachira','254722937798',2,'2019-01-15',1,'02C00001587031'),(226,'Furqan Logistic','254724738586',2,'2019-01-15',1,'01C00001592041'),(227,'Seyrup Hussein Ali','254727785875',2,'2019-01-15',1,'02C00000780031'),(228,'Josephine Nguta','254722436311',2,'2019-01-15',1,'02C00000781031'),(229,'Veronicah Atieno','254725744905',2,'2019-01-15',1,'02C00000784031'),(230,'Imelda Ogada','254722462371',2,'2019-01-15',1,'02C00000793031'),(231,'Dr. Nyakundi Nyamboga Eneo','254722352907',2,'2019-01-15',1,'02C00000794031'),(232,'Kennedy Karuru','254720129793',2,'2019-01-15',1,'02C00000800031'),(233,'Linda Gwada','254717008239',2,'2019-01-15',1,'02C00000804031'),(234,'Winfred Odero','254722632723',2,'2019-01-15',1,'02C00000807031'),(235,'Jack Ogelloh','254721567886',2,'2019-01-15',1,'02C00000808031'),(236,'Peter Mbuya Wangala','254722584032',2,'2019-01-15',1,'02C00000814031'),(237,'Oscar Wekesa','254733339046',2,'2019-01-15',1,'02C00000815031'),(238,'Selina Otieno Gor','254721813937',2,'2019-01-15',1,'02C00000818031'),(239,'Peter Tom Mboya','254722894213',2,'2019-01-15',1,'02C00000833031'),(240,'Victor Ouma','254723785689',2,'2019-01-15',1,'02C00000839031'),(241,'Peter Gathu Kahihia','254722384718',2,'2019-01-15',1,'02C00000841031'),(242,'Cleofa Faraj','254721602508',2,'2019-01-15',1,'02C00000842031'),(243,'Catherine Ashiembi','254733420808',2,'2019-01-15',1,'02C00000846031'),(244,'Solomon Odeny','254733632984',2,'2019-01-15',1,'02C00000850031'),(245,'Jennifer Anchinga','254713211567',2,'2019-01-15',1,'01C00000851031'),(246,'Jane Surungai','254723681065',2,'2019-01-15',1,'02C00000852031'),(247,'Miriam Judith Otipa','254710808312',2,'2019-01-15',1,'02C00000854031'),(248,'Bernard Omwenga','254733842418',2,'2019-01-15',1,'02C00000862031'),(249,'Juma Balah','254728608730',2,'2019-01-15',1,'02C00000863031'),(250,'Elizabeth Munene','254722215799',2,'2019-01-15',1,'02C00000866031'),(251,'Julius Mbaja','254728226222',2,'2019-01-15',1,'02C00000868031'),(252,'Steven Nduto Syengo','254722619529',2,'2019-01-15',1,'02C00000871031'),(253,'Abdullahi Mohamed','254720450197',2,'2019-01-15',1,'02C00000874031'),(254,'Hafsa Bishar Ahmed','254702932635',2,'2019-01-15',1,'02C00000875031'),(255,'Catherine Kathini Jonathan','254720141919',2,'2019-01-15',1,'02C00000879031'),(256,'Jowaka Superlinks Limited','254720983521',2,'2019-01-15',1,'01C00000904031'),(257,'Jeremiah Simiyu Kinda','254722872238',2,'2019-01-15',1,'02C00000919031'),(258,'Robert Mbuthia Njuki','254721264002',2,'2019-01-15',1,'02C00000924031'),(259,'Evans Ogutu','254720612985',2,'2019-01-15',1,'02C00000933031'),(260,'Emilly Morara','254721818767',2,'2019-01-15',1,'02C00000666031'),(261,'Joseph Mutinda','254722517646',2,'2019-01-15',1,'02C00000938031'),(262,'Joseph M. Ngugi','254714536600',2,'2019-01-15',1,'02C00000941031'),(263,'Eva Buyu','254724419589',2,'2019-01-15',1,'02C00000947031'),(264,'John Henry','254732622083',2,'2019-01-15',1,'02C00000949031'),(265,'Hosea Kiprop','254734678721',2,'2019-01-15',1,'02C00000951031'),(266,'John Ommani','254724838102',2,'2019-01-15',1,'02C00000956031'),(267,'Arthur  Kitao','254721631465',2,'2019-01-15',1,'02C00000961031'),(268,'Jackton Otira','254734699855',2,'2019-01-15',1,'02C00000966031'),(269,'Canaan Capital Limited','254729534575',2,'2019-01-15',1,'01C00000971031'),(270,'Eleanor Muthoni','254722265306',2,'2019-01-15',1,'02C00000973031'),(271,'Eunice Ogello','254720130315',2,'2019-01-15',1,'02C00000978031'),(272,'Jeffrey  Machyo','254722283939',2,'2019-01-15',1,'02C00000979031'),(273,'Jacob Kilai Mbaluka','254721274219',2,'2019-01-15',1,'02C00000980031'),(274,'Lucy Kawira Meme','254722799949',2,'2019-01-15',1,'02C00000986031'),(275,'Teresia Njeri Mwangi','254710338725',2,'2019-01-15',1,'02C00000988031'),(276,'Jedidah A. Obure','254722831629',2,'2019-01-15',1,'02C00000990031'),(277,'Yusuf Abdi Warsame','254740727400',2,'2019-01-15',1,'02C00000991031'),(278,'Trizah Mungai','254721286278',2,'2019-01-15',1,'02C00001008031'),(279,'Albert Bunyasi/judith Awinja','254728681077',2,'2019-01-15',1,'02C00001014031'),(280,'Tobias Ogweno','254731833966',2,'2019-01-15',1,'02C00001016031'),(281,'Veronica Aluoch Owuor','254721587240',2,'2019-01-15',1,'02C00001018031'),(282,'Shadrack Wesechere','254721517968',2,'2019-01-15',1,'02C00001028031'),(283,'Nicky Kinyua Kileba','254720783435',2,'2019-01-15',1,'02C00001029031'),(284,'James Kipkoech','254722535647',2,'2019-01-15',1,'02C00001032031'),(285,'Moureen Aketch','254753481730',2,'2019-01-15',1,'01C00001767381'),(286,'Abdilatif H. Maalim','254711114444',2,'2019-01-15',1,'02C00001035031'),(287,'James Chunguli Lagosa','254722458011',2,'2019-01-15',1,'02C00001041031'),(288,'Billy Ogonji','254723296558',2,'2019-01-15',1,'02C00001043031'),(289,'Cecilia Ngetich','254722614086',2,'2019-01-15',1,'02C00001050031'),(290,'Veronica Wanjiku Ngaru','254727591856',2,'2019-01-15',1,'02C00001055031'),(291,'Kevin Yu','254723480482',2,'2019-01-15',1,'02C00001057031'),(292,'Molline Mwangi','254721395789',2,'2019-01-15',1,'02C00001059031'),(293,'Wilbroad Anyanga','254729876680',2,'2019-01-15',1,'02C00001078031'),(294,'Sunny Electronics','254722459952',2,'2019-01-15',1,'01C00001080041'),(295,'Angela Alusiola','254720414998',2,'2019-01-15',1,'02C00001081031'),(296,'Shinners Tours and Travel','254721740426',2,'2019-01-15',1,'01C00001101031'),(297,'Ken Ketter','254722344243',2,'2019-01-15',1,'02C00001103031'),(298,'Joyce Gathere','254720280103',2,'2019-01-15',1,'02C00001105031'),(299,'Owiti Owuor','254722241640',2,'2019-01-15',1,'02C00001109031'),(300,'Abdikadir and Associates','254729730200',2,'2019-01-15',1,'01C00001115041'),(301,'Wainaina Real Estates Ltd','254711326890',2,'2019-01-15',1,'01C00001116031'),(302,'Paul Mwendwa','254735799776',2,'2019-01-15',1,'02C00001118031'),(303,'Peter K. Njenga','254722149744',2,'2019-01-15',1,'02C00001121031'),(304,'Victor Odhiambo Omondi','254736049380',2,'2019-01-15',1,'02C00001123031'),(305,'Stephen Lokonyo','254720890786',2,'2019-01-15',1,'02C00001133031'),(306,'Dennis Kileba','254721814780',2,'2019-01-15',1,'02C00001136031'),(307,'Davis Crispo Muguimi','254721261365',2,'2019-01-15',1,'02C00001145031'),(308,'Morgan Kisienya','254733698394',2,'2019-01-15',1,'02C00001146031'),(309,'Kefa John Ondora','254719676260',2,'2019-01-15',1,'02C00001148031'),(310,'Michael Muthama Muisyo','254715903510',2,'2019-01-15',1,'02C00001152031'),(311,'George Owour','254712196549',2,'2019-01-15',1,'02C00001153031'),(312,'Alice Oeri Nyomenda','254720101321',2,'2019-01-15',1,'02C00001154031'),(313,'Margaret  Wanjiku Gitonga','254708111797',2,'2019-01-15',1,'02C00001163031'),(314,'Victor Mokaya Nyambati','254728651130',2,'2019-01-15',1,'02C00001167031'),(315,'Eliston Gakuo','254720990960',2,'2019-01-15',1,'02C00001168031'),(316,'Felix Koros Kiplangat','254720796252',2,'2019-01-15',1,'02C00001169031'),(317,'Franklin Olando','254732862652',2,'2019-01-15',1,'02C00001172031'),(318,'Juncus','254721229223',2,'2019-01-15',1,'01C00001174031'),(319,'Elizabeth Musima','254733382790',2,'2019-01-15',1,'02C00001180031'),(320,'Iftin  Express Money Transfer Ltd','254713105944',2,'2019-01-15',1,'01C00001184041'),(321,'Hodan Global Forex Bureau','254722302133',2,'2019-01-15',1,'01C00000129042'),(322,'Kenya Bankers Association (Kba)','254202221704',2,'2019-01-15',1,'01C00001190021'),(323,'Collins Opanga','254721494297',2,'2019-01-15',1,'02C00001191031'),(324,'Nzyoki Mulovi','254723220873',2,'2019-01-15',1,'02C00001191031'),(325,'Terry Theuri','254721248839',2,'2019-01-15',1,'02C00001195031'),(326,'Frontier Villas','254724095958',2,'2019-01-15',1,'01C00001197041'),(327,'Teresa Mburu','2540733798800',2,'2019-01-15',1,'02C00001199031'),(328,'George Mathole','254720321359',2,'2019-01-15',1,'02C00001208031'),(329,'Deodat Wamulla','254733223387',2,'2019-01-15',1,'02C00001213031'),(330,'Caroline Gakahu','254721800261',2,'2019-01-15',1,'02C00001214031'),(331,'Aggrey J.K. Adoli','254722859304',2,'2019-01-15',1,'02C00001215031'),(332,'James Otieno Oluoch','254723048409',2,'2019-01-15',1,'02C00001228031'),(333,'Florence Mbatha','254721687856',2,'2019-01-15',1,'02C00001229031'),(334,'Techno Hub Digital','254710303840',2,'2019-01-15',1,'01C00001230031'),(335,'Nancy Gewa','254722660214',2,'2019-01-15',1,'02C00001234031'),(336,'Realtek Solutions','2540202426626',2,'2019-01-15',1,'01C00001238031'),(337,'Yunis Mohammed and Co Advocates','254724818836',2,'2019-01-15',1,'01C00001242031'),(338,'Charles Mbuthia Ngugi(Golden Evergreen Ltd)','254702406652',2,'2019-01-15',1,'02C00001245031'),(339,'Simbanet Com Ltd','254202804050',2,'2019-01-15',1,'04C00001246051'),(340,'Bruno Isohi Shioso','254711814793',2,'2019-01-15',1,'02C00001251031'),(341,'Felister Nyaboke Machuki','254727110464',2,'2019-01-15',1,'02C00001260031'),(342,'Fatah Construction and Civil  Works Limited','254722219982',2,'2019-01-15',1,'01C00001262031'),(343,'Edify Solutions','254721882809',2,'2019-01-15',1,'01C00001265031'),(344,'Selinah J. K. Kandie','254721383452',2,'2019-01-15',1,'02C00001269031'),(345,'Fridah Mwendwa','254721839480',2,'2019-01-15',1,'02C00001273031'),(346,'Rose Nafula Ndombi','254721564092',2,'2019-01-15',1,'02C00001281031'),(347,'Rael Jeptanui Rotich','254722868325',2,'2019-01-15',1,'02C00001284031'),(348,'Capita Registrars','254721235823',2,'2019-01-15',1,'01C00001286031'),(349,'Soneva Enterprice','254727577740',2,'2019-01-15',1,'01C00001288041'),(350,'Parsons Brinckerhoff Ltd','254202464859',2,'2019-01-15',1,'01C00001290031'),(351,'Mulki Mahamud','254723670530',2,'2019-01-15',1,'02C00001294031'),(352,'Veronica Nganga','254719877698',2,'2019-01-15',1,'02C00001301031'),(353,'Nick Ochoro Oyugi','254721921255',2,'2019-01-15',1,'02C00001303031'),(354,'Dorothy Owuor','254720224323',2,'2019-01-15',1,'02C00001305031'),(355,'James Kilonzo','254710602469',2,'2019-01-15',1,'02C00001307031'),(356,'Nakipo Studio','254792793378',2,'2019-01-15',1,'01C00001308031'),(357,'Architect Daniel N. Chamia','254722716616',2,'2019-01-15',1,'02C00001317041'),(358,'Peter M. Ocholla','254720245558',2,'2019-01-15',1,'02C00001319031'),(359,'Franklin Mudibo','254790407421',2,'2019-01-15',1,'02C00001323031'),(360,'Bernard Nyakweba','	254722943349',2,'2019-01-15',1,'02C00001325031'),(361,'Lucy Moria','254721627260',2,'2019-01-15',1,'02C00001328031'),(362,'Grace Mandela','254721829723',2,'2019-01-15',1,'02C00001329031'),(363,'Charltec Data Solutions','254715529106',2,'2019-01-15',1,'01C00001331031'),(364,'Jacqueline Njue(Luxe)','254711187367',2,'2019-01-15',1,'02C00001332031'),(365,'Winstone Omondi','254722938806',2,'2019-01-15',1,'02C00001334031'),(366,'Maryanne Nyambura Magiri','254722245299',2,'2019-01-15',1,'02C00001336031'),(367,'Oscar Luvaha Ominde','254712462990',2,'2019-01-15',1,'02C00001337031'),(368,'Mercy Usa For Aid and Development','2540722854527',2,'2019-01-15',1,'01C00001339041'),(369,'Wananchi Telecom  Ltd','254202804030',2,'2019-01-15',1,'04C00001341021'),(370,'Catherine Wangari Waweru','254707225507',2,'2019-01-15',1,'02C00001349031'),(371,'Bonjour Institute','254722589203',2,'2019-01-15',1,'01C00001359031'),(372,'Kodcom Technologies','254707672537',2,'2019-01-15',1,'01C00001360041'),(373,'Lydiah Njoro','254723331389',2,'2019-01-15',1,'02C00001361031'),(374,'Tudor Services','254721532766',2,'2019-01-15',1,'01C00001362031'),(375,'Mwambanga Mtalaki','254700177954',2,'2019-01-15',1,'02C00001364031'),(376,'Beth Nyaga','254724909207',2,'2019-01-15',1,'02C00001366031'),(377,'Waweru and Kimathi Advocates','254721483663',2,'2019-01-15',1,'Waweru and Kimathi A'),(378,'John Okande','254725433414',2,'2019-01-15',1,'02C00001372031'),(379,'Robinson L. Joel','254780877158',2,'2019-01-15',1,'02C00001375031'),(380,'Digital Store Limited','254720726149',2,'2019-01-15',1,'01C00001380031'),(381,'Dikemwa Auctioneers','254722523997',2,'2019-01-15',1,'01C00001389031'),(382,'Wonder-World  Imaging Centre','254733702227',2,'2019-01-15',1,'01C00001391031'),(383,'Smart Tech Kenya','254704448886',2,'2019-01-15',1,'01C00001392031'),(384,'Dominic W. Wambaria','254721717132',2,'2019-01-15',1,'02C00001394031'),(385,'Lydia Mbotela','254722370398',2,'2019-01-15',1,'02C00001395031'),(386,'Port Support Services Limited','254412318056',2,'2019-01-15',1,'01C00001400041'),(387,'Marion Ongwae','254727232638',2,'2019-01-15',1,'02C00001401031'),(388,'C.A. Okumu and Company','254706343503',2,'2019-01-15',1,'01C00001404031'),(389,'Timex Shipping Company Ltd','254722211458',2,'2019-01-15',1,'01C00001405031'),(390,'Red Caviar Logistics Limited','254722761929',2,'2019-01-15',1,'01C00001407031'),(391,'Jubba Airways','2540202325573',2,'2019-01-15',1,'01C00001410041'),(392,'Joan Ndindi','254710792929',2,'2019-01-15',1,'02C00001412031'),(393,'Hilary Boyo Ocholla','254716462978',2,'2019-01-15',1,'02C00001417031'),(394,'Savannah Networks Ltd','254720470770',2,'2019-01-15',1,'01C00001419031'),(395,'Benard Mutunga Musyoki','254722858080',2,'2019-01-15',1,'02C00001426041'),(396,'Mo Abdi and Sons Ltd','254726058732',2,'2019-01-15',1,'01C00001432031'),(397,'Sharon Awuor Olawa','254715708735',2,'2019-01-15',1,'02C00001433031'),(398,'Aljazeera Properties','254726677717',2,'2019-01-15',1,'01C00001436031'),(399,'Jescah Nafula Ngosia','254727358220',2,'2019-01-15',1,'02C00001716381'),(400,'Elsim Enterprise','254720365241',2,'2019-01-15',1,'01C00001718411'),(401,'Stephen Ogada','254729880018',2,'2019-01-15',1,'02C00001726381'),(402,'Wanjiku Mugo','254722893567',2,'2019-01-15',1,'02C00001727381'),(403,'Marksonic Computers','254724623664',2,'2019-01-15',1,'01C00001729411'),(404,'Bernard Omondi','254733140508',2,'2019-01-15',1,'02C00001730381'),(405,'David Ogeka','254705902802',2,'2019-01-15',1,'02C00001731381'),(406,'Hellen Okemba','254712801425',2,'2019-01-15',1,'02C00001733381'),(407,'Ann Mumia','254722625626',2,'2019-01-15',1,'02C00001734381'),(408,'Abdikadir Issack Ali','254722424397',2,'2019-01-15',1,'01C00001737451'),(409,'Platinum Shoes','254714809495',2,'2019-01-15',1,'01C00001743411'),(410,'Naomi Roslyn Mweka','254729732042',2,'2019-01-15',1,'02C00001745381'),(411,'Nuur Abdullahi Farah','254713344477',2,'2019-01-15',1,'01C00001747451'),(412,'Fanon Mwenda Murungi','254721453171',2,'2019-01-15',1,'02C00001749031'),(413,'East African Cargo Ltd','254722898205',2,'2019-01-15',1,'01C00001408042'),(414,'Eclof Kenya','254722874653',2,'2019-01-15',1,'01C00001512042'),(415,'Evans Bwire','254786163050',2,'2019-01-15',1,'02C00001753451'),(416,'Pepe Limited Inland Container Depot(Icd)','2540412225494',2,'2019-01-15',1,'01C00001421422'),(417,'Vincent Ronoh','254725910959',2,'2019-01-15',1,'02C00001757381'),(418,'Sma Fibernet Limited','254722971834',2,'2019-01-15',1,'01C00001520042'),(419,'Elvis Oliewo','254712703227',2,'2019-01-15',1,'02C00001761421'),(420,'Mikos Hair and Nail','254725630055',2,'2019-01-15',1,'01C00001766411'),(421,'Anne Jacqueline Muthui','254728608419',2,'2019-01-15',1,'02C00001769381'),(422,'Trail Technologies','254713567709',2,'2019-01-15',1,'01C00001660452'),(423,'Kamau Munyoroku','254721778440',2,'2019-01-15',1,'02C00001775381'),(424,'Jotham Kiiru','254723322669',2,'2019-01-15',1,'02C00001636042'),(425,'Pamellah Inyanje','254722836222',2,'2019-01-15',1,'02C00001779381'),(426,'Technology Solution','254722700220',2,'2019-01-15',1,'01C00001781411'),(427,'Amanta Construction Company Limited','254715005000',2,'2019-01-15',1,'01C00001782411'),(428,'Somken Tech Limited','254720255558',2,'2019-01-15',1,'01C00001735052'),(429,'Linkyetu Limited','254797106424',2,'2019-01-15',1,'04C00001509042'),(430,'Ibrahim Farah Hassan','254721766766',2,'2019-01-15',1,'02C00001806421'),(431,'Muthoni Gichohi and Co Advocates','2540203742355',2,'2019-01-15',1,'01C00000614352'),(432,'Godfrey Mambo Gikuhi','254722340446',2,'2019-01-15',1,'02C00001131031'),(433,'Hannah Karanja Muthoni','254770595613',2,'2019-01-15',1,'02C00001403031'),(434,'John Magu','254708083684',2,'2019-01-15',1,'02C00001425031'),(435,'Khalid Salim and Company Advocates','254724620930',2,'2019-01-15',1,'01C00001345041'),(436,'Maureen Kwamboka','254711833860',2,'2019-01-15',1,'02C00001034031'),(437,'Maureen Ndinda','254721743252',2,'2019-01-15',1,'02C00001239031'),(438,'Nicholas Muriuki Githinji','254722394673',2,'2019-01-15',1,'01C00001556031'),(439,'Patrick Kaweu','254722813866',2,'2019-01-15',1,'02C00000987031'),(440,'Rose Mwende','254723334018',2,'2019-01-15',1,'02C00001277031');
/*!40000 ALTER TABLE `contacts` ENABLE KEYS */;
UNLOCK TABLES;

--
-- Table structure for table `delivery_status`
--

DROP TABLE IF EXISTS `delivery_status`;
/*!40101 SET @saved_cs_client     = @@character_set_client */;
/*!40101 SET character_set_client = utf8 */;
CREATE TABLE `delivery_status` (
  `id` int(11) NOT NULL AUTO_INCREMENT,
  `mobile_no` varchar(15) DEFAULT NULL,
  `delivery_status` varchar(45) DEFAULT NULL,
  `company_id` int(11) DEFAULT NULL,
  `message_id` int(11) DEFAULT NULL,
  PRIMARY KEY (`id`)
) ENGINE=InnoDB DEFAULT CHARSET=utf8;
/*!40101 SET character_set_client = @saved_cs_client */;

--
-- Dumping data for table `delivery_status`
--

LOCK TABLES `delivery_status` WRITE;
/*!40000 ALTER TABLE `delivery_status` DISABLE KEYS */;
/*!40000 ALTER TABLE `delivery_status` ENABLE KEYS */;
UNLOCK TABLES;

--
-- Table structure for table `incoming_messages`
--

DROP TABLE IF EXISTS `incoming_messages`;
/*!40101 SET @saved_cs_client     = @@character_set_client */;
/*!40101 SET character_set_client = utf8 */;
CREATE TABLE `incoming_messages` (
  `id` int(11) NOT NULL AUTO_INCREMENT,
  `keyword` varchar(15) DEFAULT NULL,
  `message` tinytext,
  `mobile_no` varchar(15) DEFAULT NULL,
  `service_id` varchar(50) DEFAULT NULL,
  `linkid` varchar(50) DEFAULT NULL,
  `traceuniqid` varchar(50) DEFAULT NULL,
  `short_code_id` int(11) DEFAULT NULL,
  `company_id` int(11) DEFAULT NULL,
  `msg_date` date DEFAULT NULL,
  `msg_read` varchar(2) DEFAULT NULL,
  `msg_time` varchar(45) DEFAULT NULL,
  PRIMARY KEY (`id`)
) ENGINE=InnoDB AUTO_INCREMENT=9 DEFAULT CHARSET=utf8;
/*!40101 SET character_set_client = @saved_cs_client */;

--
-- Dumping data for table `incoming_messages`
--

LOCK TABLES `incoming_messages` WRITE;
/*!40000 ALTER TABLE `incoming_messages` DISABLE KEYS */;
INSERT INTO `incoming_messages` VALUES (1,'47075','Welcome to EBRU TV. This is a test message.','254706426397','6020782000004250','07161722430758000009','404090102591207161422430892004',3,5,'2018-12-29','N','09:14:27'),(2,'47075','Mobile subscriber test message','254724802834','6020782000004250','07161722430758000009','404090103591207161422430892004',3,5,'2018-12-29','Y','09:16:07'),(3,'47075','Mobile subscriber test message','254727129606','6020782000004250','07161722430758000009','404090103591207161432430892004',3,5,'2018-12-29','N','09:26:20'),(4,'47075','Mobile subscriber test message','254723123456','6020782000004250','07161722430758000009','404030103591207161430430892004',3,5,'2018-12-29','Y','09:32:09'),(7,'47075','Frontier Test mobile subscriber test message','254723123456','6020782000004252','07161722430758000010','404030123491207161430430892004',1,2,'2019-01-12','Y','11:06:43'),(8,'47075','Frontier Test mobile subscriber test message','254723123456','6020782000004252','07161722430758000010','404030123491207161430430832004',1,2,'2019-01-12','Y','11:07:43');
/*!40000 ALTER TABLE `incoming_messages` ENABLE KEYS */;
UNLOCK TABLES;

--
-- Table structure for table `levels`
--

DROP TABLE IF EXISTS `levels`;
/*!40101 SET @saved_cs_client     = @@character_set_client */;
/*!40101 SET character_set_client = utf8 */;
CREATE TABLE `levels` (
  `id` int(11) NOT NULL AUTO_INCREMENT,
  `level_name` varchar(45) DEFAULT NULL,
  PRIMARY KEY (`id`)
) ENGINE=InnoDB AUTO_INCREMENT=5 DEFAULT CHARSET=utf8;
/*!40101 SET character_set_client = @saved_cs_client */;

--
-- Dumping data for table `levels`
--

LOCK TABLES `levels` WRITE;
/*!40000 ALTER TABLE `levels` DISABLE KEYS */;
INSERT INTO `levels` VALUES (1,'Administrator'),(2,'Manager'),(3,'Regular User'),(4,'Super User');
/*!40000 ALTER TABLE `levels` ENABLE KEYS */;
UNLOCK TABLES;

--
-- Table structure for table `message_reads`
--

DROP TABLE IF EXISTS `message_reads`;
/*!40101 SET @saved_cs_client     = @@character_set_client */;
/*!40101 SET character_set_client = utf8 */;
CREATE TABLE `message_reads` (
  `id` int(11) NOT NULL AUTO_INCREMENT,
  `message_id` int(11) NOT NULL,
  `user_id` int(11) DEFAULT NULL,
  `read_date` date DEFAULT NULL,
  `read_time` time DEFAULT NULL,
  PRIMARY KEY (`id`)
) ENGINE=InnoDB AUTO_INCREMENT=5 DEFAULT CHARSET=utf8;
/*!40101 SET character_set_client = @saved_cs_client */;

--
-- Dumping data for table `message_reads`
--

LOCK TABLES `message_reads` WRITE;
/*!40000 ALTER TABLE `message_reads` DISABLE KEYS */;
INSERT INTO `message_reads` VALUES (1,4,1,'2018-12-30','09:26:12'),(2,2,1,'2018-12-30','09:28:52'),(3,8,1,'2019-01-12','11:24:26'),(4,7,1,'2019-01-12','19:33:16');
/*!40000 ALTER TABLE `message_reads` ENABLE KEYS */;
UNLOCK TABLES;

--
-- Table structure for table `message_replies`
--

DROP TABLE IF EXISTS `message_replies`;
/*!40101 SET @saved_cs_client     = @@character_set_client */;
/*!40101 SET character_set_client = utf8 */;
CREATE TABLE `message_replies` (
  `id` int(11) NOT NULL AUTO_INCREMENT,
  `message_id` int(11) NOT NULL,
  `reply_message` tinytext NOT NULL,
  `user_id` int(11) DEFAULT NULL,
  `reply_date` date DEFAULT NULL,
  `reply_time` varchar(45) DEFAULT NULL,
  `delivery_status` varchar(45) DEFAULT 'Pending',
  PRIMARY KEY (`id`)
) ENGINE=InnoDB AUTO_INCREMENT=9 DEFAULT CHARSET=utf8;
/*!40101 SET character_set_client = @saved_cs_client */;

--
-- Dumping data for table `message_replies`
--

LOCK TABLES `message_replies` WRITE;
/*!40000 ALTER TABLE `message_replies` DISABLE KEYS */;
INSERT INTO `message_replies` VALUES (1,4,'Thank you for reaching out to us. We are working hard to bring your service up. We will call you as soon as we solve the issue. Call us on  07253687945.',1,'2018-12-30','19:02:10','Pending'),(6,4,'Thank you for reaching out to us. We are working hard to bring your service up. We will call you as soon as we solve the issue. Call us on  07253687945.',1,'2018-12-30','19:10:35','Pending'),(7,2,'Thank you for reaching out to us. We are working hard to bring your service up. We will call you as soon as we solve the issue. Call us on 07253687945.',1,'2018-12-30','19:25:39','Pending'),(8,8,'Thank you. We will call you shortly with details on how to signup.',1,'2019-01-12','11:33:59','Pending');
/*!40000 ALTER TABLE `message_replies` ENABLE KEYS */;
UNLOCK TABLES;

--
-- Table structure for table `message_status`
--

DROP TABLE IF EXISTS `message_status`;
/*!40101 SET @saved_cs_client     = @@character_set_client */;
/*!40101 SET character_set_client = utf8 */;
CREATE TABLE `message_status` (
  `id` int(11) NOT NULL AUTO_INCREMENT,
  `message_id` int(11) NOT NULL,
  `contact_id` int(11) NOT NULL,
  `message_status` varchar(50) DEFAULT NULL,
  PRIMARY KEY (`id`)
) ENGINE=InnoDB DEFAULT CHARSET=utf8;
/*!40101 SET character_set_client = @saved_cs_client */;

--
-- Dumping data for table `message_status`
--

LOCK TABLES `message_status` WRITE;
/*!40000 ALTER TABLE `message_status` DISABLE KEYS */;
/*!40000 ALTER TABLE `message_status` ENABLE KEYS */;
UNLOCK TABLES;

--
-- Table structure for table `outgoing_messages`
--

DROP TABLE IF EXISTS `outgoing_messages`;
/*!40101 SET @saved_cs_client     = @@character_set_client */;
/*!40101 SET character_set_client = utf8 */;
CREATE TABLE `outgoing_messages` (
  `id` int(11) NOT NULL AUTO_INCREMENT,
  `message` tinytext NOT NULL,
  `short_code_id` int(11) NOT NULL,
  `company_id` int(11) NOT NULL,
  `delivery_status` varchar(45) DEFAULT NULL,
  `date_sent` date DEFAULT NULL,
  `user_id` int(11) NOT NULL,
  `response_code` varchar(100) NOT NULL,
  `correlator` varchar(50) DEFAULT NULL,
  `time_sent` varchar(45) DEFAULT NULL,
  `mobile_no` varchar(45) DEFAULT NULL,
  `sms_count` varchar(45) DEFAULT NULL,
  PRIMARY KEY (`id`)
) ENGINE=InnoDB AUTO_INCREMENT=25 DEFAULT CHARSET=utf8;
/*!40101 SET character_set_client = @saved_cs_client */;

--
-- Dumping data for table `outgoing_messages`
--

LOCK TABLES `outgoing_messages` WRITE;
/*!40000 ALTER TABLE `outgoing_messages` DISABLE KEYS */;
INSERT INTO `outgoing_messages` VALUES (1,'Welcome to perfect match. Our representative will call you shortly.',3,5,'Pending','2018-12-29',1,'7856451545445754575',NULL,'09:14:27','254706426397','1'),(2,'Welcome to perfect match. Our representative will call you shortly.',3,5,'Pending','2018-12-29',1,'7856451545445754575',NULL,'09:16:07','254724802834','1'),(3,'Welcome to perfect match. Our representative will call you shortly.',3,5,'Pending','2018-12-29',1,'7856451545445754575',NULL,'09:25:41','254724802834','1'),(4,'Welcome to perfect match. Our representative will call you shortly.',3,5,'Pending','2018-12-29',1,'7856451545445754575',NULL,'09:26:20','254723123456','1'),(5,'Welcome to perfect match. Our representative will call you shortly.',3,5,'Pending','2018-12-29',2,'7856451545445754575',NULL,'09:32:10','254723123456','1'),(6,'Welcome to perfect match. Our representative will call you shortly.',3,5,'Pending','2018-12-29',2,'7856451545445754575',NULL,'09:34:04','254724802834','1'),(13,'Thank you for reaching out to us. We are working hard to bring your service up. We will call you as soon as we solve the issue. Call us on  07253687945.',3,5,NULL,'2018-12-30',1,'',NULL,'19:10:35','254723123456','1'),(14,'Thank you for reaching out to us. We are working hard to bring your service up. We will call you as soon as we solve the issue. Call us on 07253687945.',3,5,'Pending','2018-12-30',1,'',NULL,'19:25:39','254724802834','1'),(19,'Welcome to Frontier Optical Networks. We provide the following fiber home internet  packages. 10 MB Home - Kshs 3000, 20 MB Home Kshs - 4000. Free installation and router.',1,2,'Pending','2019-01-12',2,'7856451545445754575',NULL,'11:06:43','254723123456','1'),(20,'Welcome to Frontier Optical Networks. We provide the following fiber home internet  packages. 10 MB Home - Kshs 3000, 20 MB Home Kshs - 4000. Free installation and router.',1,2,'Pending','2019-01-12',2,'7856451545445754575',NULL,'11:07:44','254723123456','1'),(21,'Welcome to Frontier Optical Networks. We provide the following fiber home internet  packages. 10 MB Home - Kshs 3000, 20 MB Home Kshs - 4000. Free installation and router.',1,2,'Pending','2019-01-12',2,'7856451545445754575',NULL,'11:08:22','254723123456','1'),(22,'Thank you. We will call you shortly with details on how to signup.',2,2,'Pending','2019-01-12',1,'',NULL,'11:33:59','254723123456','1'),(24,'This is just a test  Bulk SMS message',2,2,'Pending','2019-01-13',1,'',NULL,'14:04:34','6027','440');
/*!40000 ALTER TABLE `outgoing_messages` ENABLE KEYS */;
UNLOCK TABLES;

--
-- Table structure for table `products`
--

DROP TABLE IF EXISTS `products`;
/*!40101 SET @saved_cs_client     = @@character_set_client */;
/*!40101 SET character_set_client = utf8 */;
CREATE TABLE `products` (
  `id` int(11) NOT NULL AUTO_INCREMENT,
  `product_name` varchar(100) NOT NULL,
  `product_code` varchar(8) DEFAULT NULL,
  PRIMARY KEY (`id`)
) ENGINE=InnoDB AUTO_INCREMENT=5 DEFAULT CHARSET=utf8;
/*!40101 SET character_set_client = @saved_cs_client */;

--
-- Dumping data for table `products`
--

LOCK TABLES `products` WRITE;
/*!40000 ALTER TABLE `products` DISABLE KEYS */;
INSERT INTO `products` VALUES (1,'Short Code','SC001'),(2,'Bulk SMS','BS001'),(3,'IVR','IVR001'),(4,'USSD','USSD001');
/*!40000 ALTER TABLE `products` ENABLE KEYS */;
UNLOCK TABLES;

--
-- Table structure for table `short_codes`
--

DROP TABLE IF EXISTS `short_codes`;
/*!40101 SET @saved_cs_client     = @@character_set_client */;
/*!40101 SET character_set_client = utf8 */;
CREATE TABLE `short_codes` (
  `id` int(11) NOT NULL AUTO_INCREMENT,
  `category_id` int(11) DEFAULT NULL,
  `short_code` varchar(45) NOT NULL,
  `short_code_description` varchar(45) DEFAULT NULL,
  `date_created` datetime DEFAULT NULL,
  `status` tinyint(1) NOT NULL DEFAULT '0',
  `correlator` varchar(50) DEFAULT NULL,
  `service_id` varchar(50) DEFAULT NULL,
  `product_id` int(11) DEFAULT NULL,
  PRIMARY KEY (`id`)
) ENGINE=InnoDB AUTO_INCREMENT=4 DEFAULT CHARSET=utf8;
/*!40101 SET character_set_client = @saved_cs_client */;

--
-- Dumping data for table `short_codes`
--

LOCK TABLES `short_codes` WRITE;
/*!40000 ALTER TABLE `short_codes` DISABLE KEYS */;
INSERT INTO `short_codes` VALUES (1,6,'6027','Frontier Optical Networks Test Short Code','2018-12-14 11:53:36',1,'12345678','6020782000004252',1),(2,6,'6027','Frontier Optical Networks Test Bulk SMS','2018-12-15 09:26:43',1,NULL,'6020782000004251',2),(3,2,'47075','Bulk SMS - Short for EBRU TV','2018-12-26 12:36:41',1,NULL,'6020782000004250',2);
/*!40000 ALTER TABLE `short_codes` ENABLE KEYS */;
UNLOCK TABLES;

--
-- Table structure for table `users`
--

DROP TABLE IF EXISTS `users`;
/*!40101 SET @saved_cs_client     = @@character_set_client */;
/*!40101 SET character_set_client = utf8 */;
CREATE TABLE `users` (
  `id` int(11) NOT NULL AUTO_INCREMENT,
  `company_id` int(11) NOT NULL,
  `fname` varchar(45) NOT NULL,
  `lname` varchar(45) NOT NULL,
  `email` varchar(60) DEFAULT NULL,
  `password` varbinary(200) DEFAULT NULL,
  `level_id` int(11) DEFAULT NULL,
  `date_created` date DEFAULT NULL,
  `last_login` datetime DEFAULT NULL,
  `active` smallint(1) NOT NULL DEFAULT '0',
  PRIMARY KEY (`id`)
) ENGINE=InnoDB AUTO_INCREMENT=3 DEFAULT CHARSET=utf8;
/*!40101 SET character_set_client = @saved_cs_client */;

--
-- Dumping data for table `users`
--

LOCK TABLES `users` WRITE;
/*!40000 ALTER TABLE `users` DISABLE KEYS */;
INSERT INTO `users` VALUES (1,2,'Walter ','Omedo','walter.adamba@fon.co.ke',_binary 'cK\06\X]_{\\	f1a',4,'2019-01-01','2019-01-20 07:28:48',1),(2,2,'Server','Server','operations@fon.co.ke',_binary '.\\\\Ws[3w\4\M\x\Ok9',4,'2019-01-01',NULL,0);
/*!40000 ALTER TABLE `users` ENABLE KEYS */;
UNLOCK TABLES;

--
-- Dumping routines for database 'fonsms'
--
/*!40103 SET TIME_ZONE=@OLD_TIME_ZONE */;

/*!40101 SET SQL_MODE=@OLD_SQL_MODE */;
/*!40014 SET FOREIGN_KEY_CHECKS=@OLD_FOREIGN_KEY_CHECKS */;
/*!40014 SET UNIQUE_CHECKS=@OLD_UNIQUE_CHECKS */;
/*!40101 SET CHARACTER_SET_CLIENT=@OLD_CHARACTER_SET_CLIENT */;
/*!40101 SET CHARACTER_SET_RESULTS=@OLD_CHARACTER_SET_RESULTS */;
/*!40101 SET COLLATION_CONNECTION=@OLD_COLLATION_CONNECTION */;
/*!40111 SET SQL_NOTES=@OLD_SQL_NOTES */;

-- Dump completed on 2019-01-20 21:44:01
